,C1,C2,C3,C4,C5,C6,C7,C8,C9,C10
1,2.6022801068481782,-5.294598642317241,-9.544408169746509,16.52935086969768,-6.182606105386821,-28.495521581212472,27.44205289610756,-20.90845955618841,-6.09446268189706,-2.9841587509022833
2,6.195491972207151,-2.6889810448626,-11.132115385648714,15.985474964274715,-7.281478337776188,-28.74196663603378,32.358684298152575,-19.814554943708607,-3.1925694409498,-5.534358128799396
3,6.195491972207151,-2.6889810448626,-11.132115385648714,15.985474964274715,-7.281478337776188,-28.74196663603378,32.358684298152575,-19.814554943708607,-3.1925694409498,-5.534358128799396
4,1.858816398102946,-5.858155898250408,-10.540498537503902,18.712710130259403,-6.642670784814675,-28.708847715787748,30.098518884212716,-20.531584590535253,-1.8314956986014523,-3.781781548564653
5,1.858816398102946,-5.858155898250408,-10.540498537503902,18.712710130259403,-6.642670784814675,-28.708847715787748,30.098518884212716,-20.531584590535253,-1.8314956986014523,-3.781781548564653
6,1.858816398102946,-5.858155898250408,-10.540498537503902,18.712710130259403,-6.642670784814675,-28.708847715787748,30.098518884212716,-20.531584590535253,-1.8314956986014523,-3.781781548564653
7,2.168628690789821,-6.135906542229907,-10.314895676092474,18.163730458922906,-5.858865320588296,-28.92346325688346,30.832071105432735,-21.15626751687593,-4.971483745393903,-8.586908646474571
8,4.956582375411686,-4.662392160282398,-9.294319731248411,14.772678568443554,-5.8043623246868306,-27.242972531795175,27.9345104276261,-23.124553024048325,-3.155178764802128,-4.48278298372077
9,4.956582375411686,-4.662392160282398,-9.294319731248411,14.772678568443554,-5.8043623246868306,-27.242972531795175,27.9345104276261,-23.124553024048325,-3.155178764802128,-4.48278298372077
10,4.956582375411686,-4.662392160282398,-9.294319731248411,14.772678568443554,-5.8043623246868306,-27.242972531795175,27.9345104276261,-23.124553024048325,-3.155178764802128,-4.48278298372077
11,4.956301840076653,-2.08587722447131,-11.65636733651717,15.483530950905875,-6.464576791874929,-28.25974170686432,27.819462047255524,-23.00060448435268,-5.679439359711028,-4.445256647918219
12,4.956582375411686,-4.662392160282398,-9.294319731248411,14.772678568443554,-5.8043623246868306,-27.242972531795175,27.9345104276261,-23.124553024048325,-3.155178764802128,-4.48278298372077
13,4.956301840076653,-2.08587722447131,-11.65636733651717,15.483530950905875,-6.464576791874929,-28.25974170686432,27.819462047255524,-23.00060448435268,-5.679439359711028,-4.445256647918219
14,4.95630184253076,-2.085754747118671,-11.656494408386042,15.485046515049273,-6.465911318807633,-28.23251118775604,27.798386252618933,-22.837492288246786,-5.926832721332834,-4.379828864000837
15,4.95630184253076,-2.085754747118671,-11.656494408386042,15.485046515049273,-6.465911318807633,-28.23251118775604,27.798386252618933,-22.837492288246786,-5.926832721332834,-4.379828864000837
16,4.95630184253076,-2.085754747118671,-11.656494408386042,15.485046515049273,-6.465911318807633,-28.23251118775604,27.798386252618933,-22.837492288246786,-5.926832721332834,-4.379828864000837
18,4.95630184253076,-2.085754747118671,-11.656494408386042,15.485046515049273,-6.465911318807633,-28.23251118775604,27.798386252618933,-22.837492288246786,-5.926832721332834,-4.379828864000837
20,4.956582454865513,-4.6847591338264,-9.351461351827885,14.680028714879185,-5.950212487501453,-27.100153401962583,27.850311513960932,-22.756753884881324,-3.615233307397582,-4.202398159817884
21,4.956582452411407,-4.684881611179039,-9.35133427995901,14.678513150735787,-5.948877960568758,-27.127383921070866,27.871387308597537,-22.919866080987216,-3.3678399457757764,-4.267825943735267
22,4.956582452411407,-4.684881611179039,-9.35133427995901,14.678513150735787,-5.948877960568758,-27.127383921070866,27.871387308597537,-22.919866080987216,-3.3678399457757764,-4.267825943735267
23,4.956582452411407,-4.684881611179039,-9.35133427995901,14.678513150735787,-5.948877960568758,-27.127383921070866,27.871387308597537,-22.919866080987216,-3.3678399457757764,-4.267825943735267
24,4.956582452411407,-4.684881611179039,-9.35133427995901,14.678513150735787,-5.948877960568758,-27.127383921070866,27.871387308597537,-22.919866080987216,-3.3678399457757764,-4.267825943735267
25,4.956582449957302,-4.685004088531677,-9.351207208090136,14.676997586592387,-5.947543433636055,-27.15461444017915,27.89246310323413,-23.082978277093105,-3.1204465841539712,-4.333253727652643
26,4.956582447503195,-4.685126565884317,-9.351080136221261,14.675482022448985,-5.94620890670336,-27.181844959287435,27.913538897870737,-23.246090473199,-2.8730532225321657,-4.398681511570026
27,4.956582449957302,-4.685004088531677,-9.351207208090136,14.676997586592387,-5.947543433636055,-27.15461444017915,27.89246310323413,-23.082978277093105,-3.1204465841539712,-4.333253727652643
28,4.956582447503195,-4.685126565884317,-9.351080136221261,14.675482022448985,-5.94620890670336,-27.181844959287435,27.913538897870737,-23.246090473199,-2.8730532225321657,-4.398681511570026
29,4.956582447503195,-4.685126565884317,-9.351080136221261,14.675482022448985,-5.94620890670336,-27.181844959287435,27.913538897870737,-23.246090473199,-2.8730532225321657,-4.398681511570026
30,4.956582447503195,-4.685126565884317,-9.351080136221261,14.675482022448985,-5.94620890670336,-27.181844959287435,27.913538897870737,-23.246090473199,-2.8730532225321657,-4.398681511570026
34,3.097803368046327,-4.0993485878312725,-10.635792674175068,15.751440352545345,-6.1985071770926385,-25.71534726770759,29.368692644398344,-22.38879308403033,-6.0720038344129605,-3.2331716013642757
35,4.956582526957023,-4.707493539428319,-9.408221756800735,14.58283216888462,-6.092059069517982,-27.039025829454836,27.829339984205568,-22.878291334032,-3.3331077651276124,-4.11829668766714
36,3.097803368046327,-4.0993485878312725,-10.635792674175068,15.751440352545345,-6.1985071770926385,-25.71534726770759,29.368692644398344,-22.38879308403033,-6.0720038344129605,-3.2331716013642757
37,3.097803368046327,-4.0993485878312725,-10.635792674175068,15.751440352545345,-6.1985071770926385,-25.71534726770759,29.368692644398344,-22.38879308403033,-6.0720038344129605,-3.2331716013642757
38,4.956582529411129,-4.707371062075679,-9.40834882866961,14.584347733028022,-6.093393596450687,-27.011795310346553,27.808264189568977,-22.715179137926103,-3.5805011267494176,-4.052868903749757
39,4.956582529411129,-4.707371062075679,-9.40834882866961,14.584347733028022,-6.093393596450687,-27.011795310346553,27.808264189568977,-22.715179137926103,-3.5805011267494176,-4.052868903749757
40,4.956582529411129,-4.707371062075679,-9.40834882866961,14.584347733028022,-6.093393596450687,-27.011795310346553,27.808264189568977,-22.715179137926103,-3.5805011267494176,-4.052868903749757
41,4.956582526957023,-4.707493539428319,-9.408221756800735,14.58283216888462,-6.092059069517982,-27.039025829454836,27.829339984205568,-22.878291334032,-3.3331077651276124,-4.11829668766714
42,4.956582526957023,-4.707493539428319,-9.408221756800735,14.58283216888462,-6.092059069517982,-27.039025829454836,27.829339984205568,-22.878291334032,-3.3331077651276124,-4.11829668766714
43,4.956582526957023,-4.707493539428319,-9.408221756800735,14.58283216888462,-6.092059069517982,-27.039025829454836,27.829339984205568,-22.878291334032,-3.3331077651276124,-4.11829668766714
44,4.956582524502917,-4.707616016780958,-9.40809468493186,14.58131660474122,-6.090724542585279,-27.066256348563122,27.850415778842176,-23.041403530137885,-3.0857144035058073,-4.183724471584522
45,4.956582526957023,-4.707493539428319,-9.408221756800735,14.58283216888462,-6.092059069517982,-27.039025829454836,27.829339984205568,-22.878291334032,-3.3331077651276124,-4.11829668766714
46,4.956582524502917,-4.707616016780958,-9.40809468493186,14.58131660474122,-6.090724542585279,-27.066256348563122,27.850415778842176,-23.041403530137885,-3.0857144035058073,-4.183724471584522
47,4.956582526957023,-4.707493539428319,-9.408221756800735,14.58283216888462,-6.092059069517982,-27.039025829454836,27.829339984205568,-22.878291334032,-3.3331077651276124,-4.11829668766714
48,4.956582524502917,-4.707616016780958,-9.40809468493186,14.58131660474122,-6.090724542585279,-27.066256348563122,27.850415778842176,-23.041403530137885,-3.0857144035058073,-4.183724471584522
49,4.956582526957023,-4.707493539428319,-9.408221756800735,14.58283216888462,-6.092059069517982,-27.039025829454836,27.829339984205568,-22.878291334032,-3.3331077651276124,-4.11829668766714
50,4.956582526957023,-4.707493539428319,-9.408221756800735,14.58283216888462,-6.092059069517982,-27.039025829454836,27.829339984205568,-22.878291334032,-3.3331077651276124,-4.11829668766714
51,4.956394817243854,-3.0268186659762293,-11.03920837636874,14.755216675918845,-6.315880787206007,-31.979221773566703,28.892078476621975,-20.574507748030047,-4.150042271695416,-1.9523477770782593
52,4.956394817243854,-3.0268186659762293,-11.03920837636874,14.755216675918845,-6.315880787206007,-31.979221773566703,28.892078476621975,-20.574507748030047,-4.150042271695416,-1.9523477770782593
53,3.0978034450460483,-4.121838038727914,-10.692807222885667,15.657274934837577,-6.343022812974562,-25.599758656983276,29.305569525369783,-22.184106140969224,-6.284665015386602,-3.0182145613787723
54,4.956582603956744,-4.7299829903249595,-9.465236305511334,14.488666751176854,-6.23657470539991,-26.923437218730527,27.766216865177007,-22.673604390970883,-3.5457689461012607,-3.9033396476816304
55,3.0978034450460483,-4.121838038727914,-10.692807222885667,15.657274934837577,-6.343022812974562,-25.599758656983276,29.305569525369783,-22.184106140969224,-6.284665015386602,-3.0182145613787723
56,3.0978034450460483,-4.121838038727914,-10.692807222885667,15.657274934837577,-6.343022812974562,-25.599758656983276,29.305569525369783,-22.184106140969224,-6.284665015386602,-3.0182145613787723
57,4.956582601502638,-4.730105467677599,-9.465109233642462,14.487151187033453,-6.2352401784672065,-26.950667737838813,27.787292659813616,-22.836716587076772,-3.298375584479455,-3.9687674315990127
58,3.0978034450460483,-4.121838038727914,-10.692807222885667,15.657274934837577,-6.343022812974562,-25.599758656983276,29.305569525369783,-22.184106140969224,-6.284665015386602,-3.0182145613787723
59,3.0978034450460483,-4.121838038727914,-10.692807222885667,15.657274934837577,-6.343022812974562,-25.599758656983276,29.305569525369783,-22.184106140969224,-6.284665015386602,-3.0182145613787723
60,4.956582601502638,-4.730105467677599,-9.465109233642462,14.487151187033453,-6.2352401784672065,-26.950667737838813,27.787292659813616,-22.836716587076772,-3.298375584479455,-3.9687674315990127
61,3.0978034450460483,-4.121838038727914,-10.692807222885667,15.657274934837577,-6.343022812974562,-25.599758656983276,29.305569525369783,-22.184106140969224,-6.284665015386602,-3.0182145613787723
62,3.0978034450460483,-4.121838038727914,-10.692807222885667,15.657274934837577,-6.343022812974562,-25.599758656983276,29.305569525369783,-22.184106140969224,-6.284665015386602,-3.0182145613787723
63,3.0978034401378363,-4.1220829934331915,-10.692553079147919,15.65424380655078,-6.340353759109163,-25.654219695199846,29.347721114642983,-22.510330533181005,-5.7898782921429905,-3.1490701292135372
64,3.0978034401378363,-4.1220829934331915,-10.692553079147919,15.65424380655078,-6.340353759109163,-25.654219695199846,29.347721114642983,-22.510330533181005,-5.7898782921429905,-3.1490701292135372
65,3.0978034401378363,-4.1220829934331915,-10.692553079147919,15.65424380655078,-6.340353759109163,-25.654219695199846,29.347721114642983,-22.510330533181005,-5.7898782921429905,-3.1490701292135372
66,3.0978034401378363,-4.1220829934331915,-10.692553079147919,15.65424380655078,-6.340353759109163,-25.654219695199846,29.347721114642983,-22.510330533181005,-5.7898782921429905,-3.1490701292135372
68,3.0978035195916633,-4.144449966977194,-10.749694699727392,15.561593952986412,-6.486203921923785,-25.511400565367254,29.263522200977828,-22.142531394014004,-6.249932834738445,-2.8686853053106454
69,3.4076830364221156,-5.16772180039949,-10.221376456558302,16.043390764450457,-6.606861985635295,-28.328871891789607,27.543031070363003,-20.598656151172115,-5.108437762540959,-2.608594529934458
70,3.4076830364221156,-5.16772180039949,-10.221376456558302,16.043390764450457,-6.606861985635295,-28.328871891789607,27.543031070363003,-20.598656151172115,-5.108437762540959,-2.608594529934458
71,3.0978035171375575,-4.144572444329833,-10.749567627858518,15.56007838884301,-6.484869394991086,-25.538631084475533,29.284597995614437,-22.30564359011989,-6.002539473116639,-2.9341130892280276
72,3.0978035171375575,-4.144572444329833,-10.749567627858518,15.56007838884301,-6.484869394991086,-25.538631084475533,29.284597995614437,-22.30564359011989,-6.002539473116639,-2.9341130892280276
73,3.0978035171375575,-4.144572444329833,-10.749567627858518,15.56007838884301,-6.484869394991086,-25.538631084475533,29.284597995614437,-22.30564359011989,-6.002539473116639,-2.9341130892280276
74,3.0978035171375575,-4.144572444329833,-10.749567627858518,15.56007838884301,-6.484869394991086,-25.538631084475533,29.284597995614437,-22.30564359011989,-6.002539473116639,-2.9341130892280276
75,3.0978035195916633,-4.144449966977194,-10.749694699727392,15.561593952986412,-6.486203921923785,-25.511400565367254,29.263522200977828,-22.142531394014004,-6.249932834738445,-2.8686853053106454
76,3.0978035195916633,-4.144449966977194,-10.749694699727392,15.561593952986412,-6.486203921923785,-25.511400565367254,29.263522200977828,-22.142531394014004,-6.249932834738445,-2.8686853053106454
77,3.0978035195916633,-4.144449966977194,-10.749694699727392,15.561593952986412,-6.486203921923785,-25.511400565367254,29.263522200977828,-22.142531394014004,-6.249932834738445,-2.8686853053106454
78,3.0978035195916633,-4.144449966977194,-10.749694699727392,15.561593952986412,-6.486203921923785,-25.511400565367254,29.263522200977828,-22.142531394014004,-6.249932834738445,-2.8686853053106454
79,3.0978035195916633,-4.144449966977194,-10.749694699727392,15.561593952986412,-6.486203921923785,-25.511400565367254,29.263522200977828,-22.142531394014004,-6.249932834738445,-2.8686853053106454
80,3.0978035195916633,-4.144449966977194,-10.749694699727392,15.561593952986412,-6.486203921923785,-25.511400565367254,29.263522200977828,-22.142531394014004,-6.249932834738445,-2.8686853053106454
81,3.221723225998925,-4.451915611728246,-11.2332430146044,16.97347786260725,-8.038623797090533,-28.47601245707099,28.268323883717752,-20.69086721392119,-2.0649083343681935,1.0268967683698376
82,3.221723225998925,-4.451915611728246,-11.2332430146044,16.97347786260725,-8.038623797090533,-28.47601245707099,28.268323883717752,-20.69086721392119,-2.0649083343681935,1.0268967683698376
83,3.469569633238331,-4.537494217687692,-10.902431118976187,15.383189545732872,-5.411460489773347,-28.01540498804077,28.549507852759266,-20.66352090533153,-4.621243678406821,-6.340340580382308
84,3.469569633238331,-4.537494217687692,-10.902431118976187,15.383189545732872,-5.411460489773347,-28.01540498804077,28.549507852759266,-20.66352090533153,-4.621243678406821,-6.340340580382308
86,4.336982923398664,-4.342432359086383,-9.575819453623827,13.507463082076313,-6.810862223768407,-27.568590462919257,28.208302020347926,-19.93999896481077,-5.246231659868564,-4.244368601399896
87,3.097989910318784,-5.881607498632712,-9.328008818768168,14.206903506930118,-4.257210866052852,-24.916627754364438,29.411137716277995,-20.31982767770832,-5.459205419572717,-4.110519650039713
88,3.097989910318784,-5.881607498632712,-9.328008818768168,14.206903506930118,-4.257210866052852,-24.916627754364438,29.411137716277995,-20.31982767770832,-5.459205419572717,-4.110519650039713
89,3.0979899078646778,-5.88172997598535,-9.327881746899296,14.205387942786718,-4.255876339120153,-24.94385827347272,29.4322135109146,-20.482939873814214,-5.211812057950912,-4.175947433957089
90,3.0979899078646778,-5.88172997598535,-9.327881746899296,14.205387942786718,-4.255876339120153,-24.94385827347272,29.4322135109146,-20.482939873814214,-5.211812057950912,-4.175947433957089
91,3.0979899078646778,-5.88172997598535,-9.327881746899296,14.205387942786718,-4.255876339120153,-24.94385827347272,29.4322135109146,-20.482939873814214,-5.211812057950912,-4.175947433957089
92,3.0979899078646778,-5.88172997598535,-9.327881746899296,14.205387942786718,-4.255876339120153,-24.94385827347272,29.4322135109146,-20.482939873814214,-5.211812057950912,-4.175947433957089
94,2.0448501527834546,-7.399522266604922,-9.203122573951326,16.908554281637524,-7.445767314268294,-29.798869545221944,29.29472092854801,-21.274282940250743,-4.477683908690178,-6.449429104795557
95,4.33698299794428,-4.365044287335664,-9.632706930465552,13.411782100225148,-6.95404333271763,-27.48023237130323,28.16625469595597,-19.89842421785555,-5.211499479220407,-4.094839345331768
96,4.336983000398385,-4.3649218099830245,-9.632834002334427,13.413297664368548,-6.955377859650329,-27.453001852194948,28.145178901319362,-19.73531202174966,-5.458892840842209,-4.029411561414386
97,4.33698299794428,-4.365044287335664,-9.632706930465552,13.411782100225148,-6.95404333271763,-27.48023237130323,28.16625469595597,-19.89842421785555,-5.211499479220407,-4.094839345331768
98,4.336983000398385,-4.3649218099830245,-9.632834002334427,13.413297664368548,-6.955377859650329,-27.453001852194948,28.145178901319362,-19.73531202174966,-5.458892840842209,-4.029411561414386
99,4.336983000398385,-4.3649218099830245,-9.632834002334427,13.413297664368548,-6.955377859650329,-27.453001852194948,28.145178901319362,-19.73531202174966,-5.458892840842209,-4.029411561414386
100,4.336983000398385,-4.3649218099830245,-9.632834002334427,13.413297664368548,-6.955377859650329,-27.453001852194948,28.145178901319362,-19.73531202174966,-5.458892840842209,-4.029411561414386
101,4.33698299794428,-4.365044287335664,-9.632706930465552,13.411782100225148,-6.95404333271763,-27.48023237130323,28.16625469595597,-19.89842421785555,-5.211499479220407,-4.094839345331768
102,4.33698299794428,-4.365044287335664,-9.632706930465552,13.411782100225148,-6.95404333271763,-27.48023237130323,28.16625469595597,-19.89842421785555,-5.211499479220407,-4.094839345331768
103,4.33698299794428,-4.365044287335664,-9.632706930465552,13.411782100225148,-6.95404333271763,-27.48023237130323,28.16625469595597,-19.89842421785555,-5.211499479220407,-4.094839345331768
104,2.9739392461729364,-4.800678529425528,-10.88426170478435,15.851327314239963,-6.604576425500229,-26.50276534422239,28.180162547521576,-21.240630938934373,-1.3497137871650753,-2.764954146763051
105,4.33698299794428,-4.365044287335664,-9.632706930465552,13.411782100225148,-6.95404333271763,-27.48023237130323,28.16625469595597,-19.89842421785555,-5.211499479220407,-4.094839345331768
106,2.9739392461729364,-4.800678529425528,-10.88426170478435,15.851327314239963,-6.604576425500229,-26.50276534422239,28.180162547521576,-21.240630938934373,-1.3497137871650753,-2.764954146763051
107,2.602280852304333,-5.520717924810042,-10.113282938163762,15.572541051186011,-7.614417194879074,-27.611940665052206,27.021579652187963,-20.492712086636217,-5.747140875415468,-1.488866190221031
110,4.956496755271989,-4.307230929737928,-11.18627421276155,14.97081131419219,-5.138652836005155,-28.06961183253574,30.750016060107576,-21.684866611540098,-4.727055987537502,-4.9112977561997
111,4.336983072489895,-4.387656215584943,-9.689594407307277,13.31610111837398,-7.097224441666854,-27.391874279687205,28.124207371564,-19.856849470900332,-5.17676729857225,-3.9453100892636415
112,4.956496755271989,-4.307230929737928,-11.18627421276155,14.97081131419219,-5.138652836005155,-28.06961183253574,30.750016060107576,-21.684866611540098,-4.727055987537502,-4.9112977561997
113,4.336983072489895,-4.387656215584943,-9.689594407307277,13.31610111837398,-7.097224441666854,-27.391874279687205,28.124207371564,-19.856849470900332,-5.17676729857225,-3.9453100892636415
114,4.956496755271989,-4.307230929737928,-11.18627421276155,14.97081131419219,-5.138652836005155,-28.06961183253574,30.750016060107576,-21.684866611540098,-4.727055987537502,-4.9112977561997
115,4.336983072489895,-4.387656215584943,-9.689594407307277,13.31610111837398,-7.097224441666854,-27.391874279687205,28.124207371564,-19.856849470900332,-5.17676729857225,-3.9453100892636415
116,4.336983072489895,-4.387656215584943,-9.689594407307277,13.31610111837398,-7.097224441666854,-27.391874279687205,28.124207371564,-19.856849470900332,-5.17676729857225,-3.9453100892636415
117,4.336983072489895,-4.387656215584943,-9.689594407307277,13.31610111837398,-7.097224441666854,-27.391874279687205,28.124207371564,-19.856849470900332,-5.17676729857225,-3.9453100892636415
118,4.336983072489895,-4.387656215584943,-9.689594407307277,13.31610111837398,-7.097224441666854,-27.391874279687205,28.124207371564,-19.856849470900332,-5.17676729857225,-3.9453100892636415
119,4.336983072489895,-4.387656215584943,-9.689594407307277,13.31610111837398,-7.097224441666854,-27.391874279687205,28.124207371564,-19.856849470900332,-5.17676729857225,-3.9453100892636415
120,4.336983072489895,-4.387656215584943,-9.689594407307277,13.31610111837398,-7.097224441666854,-27.391874279687205,28.124207371564,-19.856849470900332,-5.17676729857225,-3.9453100892636415
121,4.336983072489895,-4.387656215584943,-9.689594407307277,13.31610111837398,-7.097224441666854,-27.391874279687205,28.124207371564,-19.856849470900332,-5.17676729857225,-3.9453100892636415
122,4.336983072489895,-4.387656215584943,-9.689594407307277,13.31610111837398,-7.097224441666854,-27.391874279687205,28.124207371564,-19.856849470900332,-5.17676729857225,-3.9453100892636415
123,4.336983072489895,-4.387656215584943,-9.689594407307277,13.31610111837398,-7.097224441666854,-27.391874279687205,28.124207371564,-19.856849470900332,-5.17676729857225,-3.9453100892636415
124,4.336983072489895,-4.387656215584943,-9.689594407307277,13.31610111837398,-7.097224441666854,-27.391874279687205,28.124207371564,-19.856849470900332,-5.17676729857225,-3.9453100892636415
125,4.336983072489895,-4.387656215584943,-9.689594407307277,13.31610111837398,-7.097224441666854,-27.391874279687205,28.124207371564,-19.856849470900332,-5.17676729857225,-3.9453100892636415
127,4.956496832271711,-4.329720380634569,-11.243288761472149,14.876645896484424,-5.283168471887073,-27.95402322181143,30.686892941079016,-21.480179668478982,-4.93971716851115,-4.69634071621419
128,4.336983149489616,-4.410145666481585,-9.746608956017878,13.221935700666213,-7.241740077548782,-27.276285668962892,28.06108425253544,-19.652162527839216,-5.3894284795458915,-3.7303530492781376
129,4.956496832271711,-4.329720380634569,-11.243288761472149,14.876645896484424,-5.283168471887073,-27.95402322181143,30.686892941079016,-21.480179668478982,-4.93971716851115,-4.69634071621419
130,4.956496832271711,-4.329720380634569,-11.243288761472149,14.876645896484424,-5.283168471887073,-27.95402322181143,30.686892941079016,-21.480179668478982,-4.93971716851115,-4.69634071621419
131,4.336983149489616,-4.410145666481585,-9.746608956017878,13.221935700666213,-7.241740077548782,-27.276285668962892,28.06108425253544,-19.652162527839216,-5.3894284795458915,-3.7303530492781376
132,4.956496832271711,-4.329720380634569,-11.243288761472149,14.876645896484424,-5.283168471887073,-27.95402322181143,30.686892941079016,-21.480179668478982,-4.93971716851115,-4.69634071621419
133,4.956496832271711,-4.329720380634569,-11.243288761472149,14.876645896484424,-5.283168471887073,-27.95402322181143,30.686892941079016,-21.480179668478982,-4.93971716851115,-4.69634071621419
134,4.336983149489616,-4.410145666481585,-9.746608956017878,13.221935700666213,-7.241740077548782,-27.276285668962892,28.06108425253544,-19.652162527839216,-5.3894284795458915,-3.7303530492781376
135,4.956496832271711,-4.329720380634569,-11.243288761472149,14.876645896484424,-5.283168471887073,-27.95402322181143,30.686892941079016,-21.480179668478982,-4.93971716851115,-4.69634071621419
136,4.956496832271711,-4.329720380634569,-11.243288761472149,14.876645896484424,-5.283168471887073,-27.95402322181143,30.686892941079016,-21.480179668478982,-4.93971716851115,-4.69634071621419
137,4.336983149489616,-4.410145666481585,-9.746608956017878,13.221935700666213,-7.241740077548782,-27.276285668962892,28.06108425253544,-19.652162527839216,-5.3894284795458915,-3.7303530492781376
138,4.956496837179922,-4.329475425929292,-11.243542905209898,14.879677024771222,-5.2858375257524814,-27.899562183594863,30.644741351805816,-21.153955276267197,-5.43450389175476,-4.565485148379426
139,4.336983149489616,-4.410145666481585,-9.746608956017878,13.221935700666213,-7.241740077548782,-27.276285668962892,28.06108425253544,-19.652162527839216,-5.3894284795458915,-3.7303530492781376
140,4.956496837179922,-4.329475425929292,-11.243542905209898,14.879677024771222,-5.2858375257524814,-27.899562183594863,30.644741351805816,-21.153955276267197,-5.43450389175476,-4.565485148379426
141,4.336983149489616,-4.410145666481585,-9.746608956017878,13.221935700666213,-7.241740077548782,-27.276285668962892,28.06108425253544,-19.652162527839216,-5.3894284795458915,-3.7303530492781376
142,4.956496837179922,-4.329475425929292,-11.243542905209898,14.879677024771222,-5.2858375257524814,-27.899562183594863,30.644741351805816,-21.153955276267197,-5.43450389175476,-4.565485148379426
143,4.336983149489616,-4.410145666481585,-9.746608956017878,13.221935700666213,-7.241740077548782,-27.276285668962892,28.06108425253544,-19.652162527839216,-5.3894284795458915,-3.7303530492781376
144,4.336983149489616,-4.410145666481585,-9.746608956017878,13.221935700666213,-7.241740077548782,-27.276285668962892,28.06108425253544,-19.652162527839216,-5.3894284795458915,-3.7303530492781376
145,4.956496837179922,-4.329475425929292,-11.243542905209898,14.879677024771222,-5.2858375257524814,-27.899562183594863,30.644741351805816,-21.153955276267197,-5.43450389175476,-4.565485148379426
146,2.0448503764203014,-7.467358051352763,-9.373785004476503,16.621511336084026,-7.875310641115971,-29.533795270373865,29.168578955372134,-21.149558699385082,-4.3734873667456995,-6.000841336591177
147,4.956496909271432,-4.352209831531211,-11.300303310182748,14.782480478776657,-5.427684107769,-27.838434611087123,30.623769822050456,-21.275492725417873,-5.152378349484791,-4.481383676228681
148,2.4783740668237226,-5.800039217335257,-10.642596870150719,16.339394440774694,-7.873870577585212,-27.62032783525022,27.55336120901325,-21.819538328545686,-3.0757614934119437,1.1401275888935158
152,4.956496909271432,-4.352209831531211,-11.300303310182748,14.782480478776657,-5.427684107769,-27.838434611087123,30.623769822050456,-21.275492725417873,-5.152378349484791,-4.481383676228681
153,4.956496909271432,-4.352209831531211,-11.300303310182748,14.782480478776657,-5.427684107769,-27.838434611087123,30.623769822050456,-21.275492725417873,-5.152378349484791,-4.481383676228681
154,4.956496909271432,-4.352209831531211,-11.300303310182748,14.782480478776657,-5.427684107769,-27.838434611087123,30.623769822050456,-21.275492725417873,-5.152378349484791,-4.481383676228681
155,4.956496909271432,-4.352209831531211,-11.300303310182748,14.782480478776657,-5.427684107769,-27.838434611087123,30.623769822050456,-21.275492725417873,-5.152378349484791,-4.481383676228681
156,4.956496909271432,-4.352209831531211,-11.300303310182748,14.782480478776657,-5.427684107769,-27.838434611087123,30.623769822050456,-21.275492725417873,-5.152378349484791,-4.481383676228681
157,4.956496909271432,-4.352209831531211,-11.300303310182748,14.782480478776657,-5.427684107769,-27.838434611087123,30.623769822050456,-21.275492725417873,-5.152378349484791,-4.481383676228681
158,4.956496909271432,-4.352209831531211,-11.300303310182748,14.782480478776657,-5.427684107769,-27.838434611087123,30.623769822050456,-21.275492725417873,-5.152378349484791,-4.481383676228681
159,4.956496909271432,-4.352209831531211,-11.300303310182748,14.782480478776657,-5.427684107769,-27.838434611087123,30.623769822050456,-21.275492725417873,-5.152378349484791,-4.481383676228681
160,4.956496909271432,-4.352209831531211,-11.300303310182748,14.782480478776657,-5.427684107769,-27.838434611087123,30.623769822050456,-21.275492725417873,-5.152378349484791,-4.481383676228681
161,4.956496909271432,-4.352209831531211,-11.300303310182748,14.782480478776657,-5.427684107769,-27.838434611087123,30.623769822050456,-21.275492725417873,-5.152378349484791,-4.481383676228681
164,4.956684248164113,-6.08763878940749,-9.782868968213114,14.282320694609883,-5.2477373869323065,-25.632180778298032,30.20964944492823,-21.626857957512218,-3.6403750972718094,-4.482930659691119
165,4.956684248164113,-6.08763878940749,-9.782868968213114,14.282320694609883,-5.2477373869323065,-25.632180778298032,30.20964944492823,-21.626857957512218,-3.6403750972718094,-4.482930659691119
166,4.956684421492872,-6.119735376567456,-9.829002185426855,14.351959500962554,-5.9240244236586586,-26.148549874246388,30.26835369234784,-21.06642484362225,-4.521088972962124,-3.482428070253596
168,3.71746142962141,-5.184385169429268,-10.416697086911284,14.488940371933165,-7.235436165402316,-26.533555205278933,28.033539705453105,-21.50491156534571,-4.150703515125714,-6.992572016480661
169,3.71746142962141,-5.184385169429268,-10.416697086911284,14.488940371933165,-7.235436165402316,-26.533555205278933,28.033539705453105,-21.50491156534571,-4.150703515125714,-6.992572016480661
170,4.956684419038766,-6.119857853920094,-9.82887511355798,14.350443936819156,-5.922689896725965,-26.175780393354675,30.28942948698443,-21.229537039728143,-4.273695611340319,-3.5478558541709786
171,4.956684419038766,-6.119857853920094,-9.82887511355798,14.350443936819156,-5.922689896725965,-26.175780393354675,30.28942948698443,-21.229537039728143,-4.273695611340319,-3.5478558541709786
172,4.956684419038766,-6.119857853920094,-9.82887511355798,14.350443936819156,-5.922689896725965,-26.175780393354675,30.28942948698443,-21.229537039728143,-4.273695611340319,-3.5478558541709786
173,4.956684419038766,-6.119857853920094,-9.82887511355798,14.350443936819156,-5.922689896725965,-26.175780393354675,30.28942948698443,-21.229537039728143,-4.273695611340319,-3.5478558541709786
174,4.956684419038766,-6.119857853920094,-9.82887511355798,14.350443936819156,-5.922689896725965,-26.175780393354675,30.28942948698443,-21.229537039728143,-4.273695611340319,-3.5478558541709786
175,4.956684421492872,-6.119735376567456,-9.829002185426855,14.351959500962554,-5.9240244236586586,-26.148549874246388,30.26835369234784,-21.06642484362225,-4.521088972962124,-3.482428070253596
176,4.956684421492872,-6.119735376567456,-9.829002185426855,14.351959500962554,-5.9240244236586586,-26.148549874246388,30.26835369234784,-21.06642484362225,-4.521088972962124,-3.482428070253596
177,4.956684421492872,-6.119735376567456,-9.829002185426855,14.351959500962554,-5.9240244236586586,-26.148549874246388,30.26835369234784,-21.06642484362225,-4.521088972962124,-3.482428070253596
178,3.7174034608736175,-4.80390610338089,-11.335519185237535,15.110179737438132,-6.873487754690505,-25.97867284329667,28.54262432831437,-21.15371241025409,-3.363357493761708,-5.3403089026381485
179,4.956684491130276,-6.142592259522013,-9.885635518530831,14.253247390824587,-6.064536478742484,-26.11465282084693,30.26845795722907,-21.351074488878815,-3.9915700690703493,-3.463754382020234
180,4.956684491130276,-6.142592259522013,-9.885635518530831,14.253247390824587,-6.064536478742484,-26.11465282084693,30.26845795722907,-21.351074488878815,-3.9915700690703493,-3.463754382020234
181,4.956684491130276,-6.142592259522013,-9.885635518530831,14.253247390824587,-6.064536478742484,-26.11465282084693,30.26845795722907,-21.351074488878815,-3.9915700690703493,-3.463754382020234
182,4.956684491130276,-6.142592259522013,-9.885635518530831,14.253247390824587,-6.064536478742484,-26.11465282084693,30.26845795722907,-21.351074488878815,-3.9915700690703493,-3.463754382020234
183,4.956684491130276,-6.142592259522013,-9.885635518530831,14.253247390824587,-6.064536478742484,-26.11465282084693,30.26845795722907,-21.351074488878815,-3.9915700690703493,-3.463754382020234
184,4.956684491130276,-6.142592259522013,-9.885635518530831,14.253247390824587,-6.064536478742484,-26.11465282084693,30.26845795722907,-21.351074488878815,-3.9915700690703493,-3.463754382020234
185,3.097903445454833,-5.447708220381595,-10.850281995437319,15.567708844334726,-8.249994887779035,-27.31698146889582,28.47450676587905,-21.968272965855757,-3.791099121472093,-2.9572974704124633
186,3.097903445454833,-5.447708220381595,-10.850281995437319,15.567708844334726,-8.249994887779035,-27.31698146889582,28.47450676587905,-21.968272965855757,-3.791099121472093,-2.9572974704124633
187,3.7174082571717375,-5.010634781251186,-11.838790109515532,14.941784610331187,-4.041067024326391,-26.945939124997842,27.952312064863413,-20.10533391604576,-3.673003764019609,-3.9477956053763656
188,3.7174035403274446,-4.826273076924892,-11.392660805817009,15.017529883873765,-7.019337917505132,-25.835853713464076,28.458425414649216,-20.785913271087086,-3.8234120363571615,-5.059924078735256
189,3.7174082571717375,-5.010634781251186,-11.838790109515532,14.941784610331187,-4.041067024326391,-26.945939124997842,27.952312064863413,-20.10533391604576,-3.673003764019609,-3.9477956053763656
190,3.7174035354192334,-4.826518031630171,-11.39240666207926,15.014498755586965,-7.016668863639734,-25.890314751680645,28.500577003922416,-21.11213766329887,-3.328625313113551,-5.1907796465700216
191,3.7174082571717375,-5.010634781251186,-11.838790109515532,14.941784610331187,-4.041067024326391,-26.945939124997842,27.952312064863413,-20.10533391604576,-3.673003764019609,-3.9477956053763656
192,3.7174035378733388,-4.826395554277531,-11.392533733948135,15.016014319730367,-7.018003390572432,-25.863084232572362,28.47950120928581,-20.94902546719298,-3.576018674735356,-5.125351862652639
193,3.7174035354192334,-4.826518031630171,-11.39240666207926,15.014498755586965,-7.016668863639734,-25.890314751680645,28.500577003922416,-21.11213766329887,-3.328625313113551,-5.1907796465700216
194,3.7174035354192334,-4.826518031630171,-11.39240666207926,15.014498755586965,-7.016668863639734,-25.890314751680645,28.500577003922416,-21.11213766329887,-3.328625313113551,-5.1907796465700216
195,3.7174035354192334,-4.826518031630171,-11.39240666207926,15.014498755586965,-7.016668863639734,-25.890314751680645,28.500577003922416,-21.11213766329887,-3.328625313113551,-5.1907796465700216
196,3.7174035354192334,-4.826518031630171,-11.39240666207926,15.014498755586965,-7.016668863639734,-25.890314751680645,28.500577003922416,-21.11213766329887,-3.328625313113551,-5.1907796465700216
197,3.7174035354192334,-4.826518031630171,-11.39240666207926,15.014498755586965,-7.016668863639734,-25.890314751680645,28.500577003922416,-21.11213766329887,-3.328625313113551,-5.1907796465700216
198,3.7174035354192334,-4.826518031630171,-11.39240666207926,15.014498755586965,-7.016668863639734,-25.890314751680645,28.500577003922416,-21.11213766329887,-3.328625313113551,-5.1907796465700216
199,3.7174035354192334,-4.826518031630171,-11.39240666207926,15.014498755586965,-7.016668863639734,-25.890314751680645,28.500577003922416,-21.11213766329887,-3.328625313113551,-5.1907796465700216
200,3.7174035354192334,-4.826518031630171,-11.39240666207926,15.014498755586965,-7.016668863639734,-25.890314751680645,28.500577003922416,-21.11213766329887,-3.328625313113551,-5.1907796465700216
201,3.7174035354192334,-4.826518031630171,-11.39240666207926,15.014498755586965,-7.016668863639734,-25.890314751680645,28.500577003922416,-21.11213766329887,-3.328625313113551,-5.1907796465700216
202,4.956684565675891,-6.165204187771293,-9.942522995372556,14.157566408973421,-6.207717587691718,-26.0262947292309,30.22641063283712,-21.309499741923595,-3.956837888422192,-3.3142251259521074
203,4.956684565675891,-6.165204187771293,-9.942522995372556,14.157566408973421,-6.207717587691718,-26.0262947292309,30.22641063283712,-21.309499741923595,-3.956837888422192,-3.3142251259521074
205,4.213183469979467,-5.7600877036612825,-9.655446284681418,13.307197201006273,-6.6926520915916425,-26.083921876504046,28.004945696954977,-19.789125617741885,-3.445627446191763,-8.274872765378793
206,4.956684568129997,-6.165081710418654,-9.94265006724143,14.159081973116821,-6.209052114624412,-25.99906421012262,30.20533483820051,-21.146387545817706,-4.204231250043997,-3.248797342034731
207,4.956684568129997,-6.165081710418654,-9.94265006724143,14.159081973116821,-6.209052114624412,-25.99906421012262,30.20533483820051,-21.146387545817706,-4.204231250043997,-3.248797342034731
208,4.956684568129997,-6.165081710418654,-9.94265006724143,14.159081973116821,-6.209052114624412,-25.99906421012262,30.20533483820051,-21.146387545817706,-4.204231250043997,-3.248797342034731
209,4.956684568129997,-6.165081710418654,-9.94265006724143,14.159081973116821,-6.209052114624412,-25.99906421012262,30.20533483820051,-21.146387545817706,-4.204231250043997,-3.248797342034731
210,4.956684565675891,-6.165204187771293,-9.942522995372556,14.157566408973421,-6.207717587691718,-26.0262947292309,30.22641063283712,-21.309499741923595,-3.956837888422192,-3.3142251259521074
211,4.956684568129997,-6.165081710418654,-9.94265006724143,14.159081973116821,-6.209052114624412,-25.99906421012262,30.20533483820051,-21.146387545817706,-4.204231250043997,-3.248797342034731
212,4.956684565675891,-6.165204187771293,-9.942522995372556,14.157566408973421,-6.207717587691718,-26.0262947292309,30.22641063283712,-21.309499741923595,-3.956837888422192,-3.3142251259521074
213,4.956684565675891,-6.165204187771293,-9.942522995372556,14.157566408973421,-6.207717587691718,-26.0262947292309,30.22641063283712,-21.309499741923595,-3.956837888422192,-3.3142251259521074
214,4.956684565675891,-6.165204187771293,-9.942522995372556,14.157566408973421,-6.207717587691718,-26.0262947292309,30.22641063283712,-21.309499741923595,-3.956837888422192,-3.3142251259521074
215,4.956684565675891,-6.165204187771293,-9.942522995372556,14.157566408973421,-6.207717587691718,-26.0262947292309,30.22641063283712,-21.309499741923595,-3.956837888422192,-3.3142251259521074
216,4.956684565675891,-6.165204187771293,-9.942522995372556,14.157566408973421,-6.207717587691718,-26.0262947292309,30.22641063283712,-21.309499741923595,-3.956837888422192,-3.3142251259521074
217,4.956684565675891,-6.165204187771293,-9.942522995372556,14.157566408973421,-6.207717587691718,-26.0262947292309,30.22641063283712,-21.309499741923595,-3.956837888422192,-3.3142251259521074
218,4.956684565675891,-6.165204187771293,-9.942522995372556,14.157566408973421,-6.207717587691718,-26.0262947292309,30.22641063283712,-21.309499741923595,-3.956837888422192,-3.3142251259521074
219,4.956684565675891,-6.165204187771293,-9.942522995372556,14.157566408973421,-6.207717587691718,-26.0262947292309,30.22641063283712,-21.309499741923595,-3.956837888422192,-3.3142251259521074
220,3.7174035354192334,-4.826518031630171,-11.39240666207926,15.014498755586965,-7.016668863639734,-25.890314751680645,28.500577003922416,-21.11213766329887,-3.328625313113551,-5.1907796465700216
221,3.7174083341714588,-5.033124232147827,-11.895804658226133,14.84761919262342,-4.185582660208313,-26.83035051427353,27.889188945834853,-19.90064697298465,-3.885664944993257,-3.7328385653908565
222,3.7174036124189547,-4.849007482526811,-11.449421210789861,14.9203333378792,-7.1611844995216565,-25.774726140956336,28.437453884893856,-20.90745072023776,-3.541286494087199,-4.975822606584512
223,3.7174036148730605,-4.848885005174172,-11.449548282658734,14.921848902022598,-7.162519026454356,-25.747495621848053,28.41637809025725,-20.744338524131866,-3.7886798557090042,-4.910394822667129
224,3.7174036124189547,-4.849007482526811,-11.449421210789861,14.9203333378792,-7.1611844995216565,-25.774726140956336,28.437453884893856,-20.90745072023776,-3.541286494087199,-4.975822606584512
225,3.7174083341714588,-5.033124232147827,-11.895804658226133,14.84761919262342,-4.185582660208313,-26.83035051427353,27.889188945834853,-19.90064697298465,-3.885664944993257,-3.7328385653908565
226,3.7174036148730605,-4.848885005174172,-11.449548282658734,14.921848902022598,-7.162519026454356,-25.747495621848053,28.41637809025725,-20.744338524131866,-3.7886798557090042,-4.910394822667129
227,3.7174083341714588,-5.033124232147827,-11.895804658226133,14.84761919262342,-4.185582660208313,-26.83035051427353,27.889188945834853,-19.90064697298465,-3.885664944993257,-3.7328385653908565
228,3.7174036148730605,-4.848885005174172,-11.449548282658734,14.921848902022598,-7.162519026454356,-25.747495621848053,28.41637809025725,-20.744338524131866,-3.7886798557090042,-4.910394822667129
229,3.7174083341714588,-5.033124232147827,-11.895804658226133,14.84761919262342,-4.185582660208313,-26.83035051427353,27.889188945834853,-19.90064697298465,-3.885664944993257,-3.7328385653908565
230,3.7174036148730605,-4.848885005174172,-11.449548282658734,14.921848902022598,-7.162519026454356,-25.747495621848053,28.41637809025725,-20.744338524131866,-3.7886798557090042,-4.910394822667129
231,3.7174083341714588,-5.033124232147827,-11.895804658226133,14.84761919262342,-4.185582660208313,-26.83035051427353,27.889188945834853,-19.90064697298465,-3.885664944993257,-3.7328385653908565
232,3.7174036148730605,-4.848885005174172,-11.449548282658734,14.921848902022598,-7.162519026454356,-25.747495621848053,28.41637809025725,-20.744338524131866,-3.7886798557090042,-4.910394822667129
233,3.7174083341714588,-5.033124232147827,-11.895804658226133,14.84761919262342,-4.185582660208313,-26.83035051427353,27.889188945834853,-19.90064697298465,-3.885664944993257,-3.7328385653908565
234,3.7174036148730605,-4.848885005174172,-11.449548282658734,14.921848902022598,-7.162519026454356,-25.747495621848053,28.41637809025725,-20.744338524131866,-3.7886798557090042,-4.910394822667129
235,3.7174083341714588,-5.033124232147827,-11.895804658226133,14.84761919262342,-4.185582660208313,-26.83035051427353,27.889188945834853,-19.90064697298465,-3.885664944993257,-3.7328385653908565
236,3.7174036148730605,-4.848885005174172,-11.449548282658734,14.921848902022598,-7.162519026454356,-25.747495621848053,28.41637809025725,-20.744338524131866,-3.7886798557090042,-4.910394822667129
237,3.7174036124189547,-4.849007482526811,-11.449421210789861,14.9203333378792,-7.1611844995216565,-25.774726140956336,28.437453884893856,-20.90745072023776,-3.541286494087199,-4.975822606584512
238,3.7174083366255646,-5.033001754795189,-11.895931730095006,14.84913475676682,-4.186917187141012,-26.803119995165247,27.868113151198262,-19.737534776878757,-4.133058306615055,-3.66741078147348
239,3.7174036148730605,-4.848885005174172,-11.449548282658734,14.921848902022598,-7.162519026454356,-25.747495621848053,28.41637809025725,-20.744338524131866,-3.7886798557090042,-4.910394822667129
240,3.7174036124189547,-4.849007482526811,-11.449421210789861,14.9203333378792,-7.1611844995216565,-25.774726140956336,28.437453884893856,-20.90745072023776,-3.541286494087199,-4.975822606584512
241,3.7174083366255646,-5.033001754795189,-11.895931730095006,14.84913475676682,-4.186917187141012,-26.803119995165247,27.868113151198262,-19.737534776878757,-4.133058306615055,-3.66741078147348
242,3.7174036148730605,-4.848885005174172,-11.449548282658734,14.921848902022598,-7.162519026454356,-25.747495621848053,28.41637809025725,-20.744338524131866,-3.7886798557090042,-4.910394822667129
243,3.7174036124189547,-4.849007482526811,-11.449421210789861,14.9203333378792,-7.1611844995216565,-25.774726140956336,28.437453884893856,-20.90745072023776,-3.541286494087199,-4.975822606584512
244,3.7174083366255646,-5.033001754795189,-11.895931730095006,14.84913475676682,-4.186917187141012,-26.803119995165247,27.868113151198262,-19.737534776878757,-4.133058306615055,-3.66741078147348
245,3.7174036148730605,-4.848885005174172,-11.449548282658734,14.921848902022598,-7.162519026454356,-25.747495621848053,28.41637809025725,-20.744338524131866,-3.7886798557090042,-4.910394822667129
246,3.7174083366255646,-5.033001754795189,-11.895931730095006,14.84913475676682,-4.186917187141012,-26.803119995165247,27.868113151198262,-19.737534776878757,-4.133058306615055,-3.66741078147348
247,3.7174036148730605,-4.848885005174172,-11.449548282658734,14.921848902022598,-7.162519026454356,-25.747495621848053,28.41637809025725,-20.744338524131866,-3.7886798557090042,-4.910394822667129
248,3.0979035741268097,-5.494576260290597,-10.964014852890088,15.351168829888396,-8.507441386104725,-27.540482075096744,28.744240418289223,-22.677711042297577,-6.398018501595615,-5.200097770561613
249,3.7174036124189547,-4.849007482526811,-11.449421210789861,14.9203333378792,-7.1611844995216565,-25.774726140956336,28.437453884893856,-20.90745072023776,-3.541286494087199,-4.975822606584512
250,3.717403609964849,-4.849129959879451,-11.449294138920985,14.9188177737358,-7.159849972588957,-25.80195666006462,28.458529679530447,-21.07056291634365,-3.2938931324653935,-5.041250390501895
251,3.7173150878605834,-4.195152165855126,-12.738850962868081,15.014946970454169,-4.620920363794558,-26.367848875285976,27.966758025175345,-22.877997589006316,-4.605585689647361,-7.02385143234472
252,3.7173150878605834,-4.195152165855126,-12.738850962868081,15.014946970454169,-4.620920363794558,-26.367848875285976,27.966758025175345,-22.877997589006316,-4.605585689647361,-7.02385143234472
253,3.71740841117118,-5.055613683044468,-11.952819206936732,14.753453774915652,-4.330098296090236,-26.71476190354922,27.826065826806293,-19.695960029923533,-4.098326125966898,-3.5178815254053526
254,3.71740841117118,-5.055613683044468,-11.952819206936732,14.753453774915652,-4.330098296090236,-26.71476190354922,27.826065826806293,-19.695960029923533,-4.098326125966898,-3.5178815254053526
255,3.71740841117118,-5.055613683044468,-11.952819206936732,14.753453774915652,-4.330098296090236,-26.71476190354922,27.826065826806293,-19.695960029923533,-4.098326125966898,-3.5178815254053526
256,3.71740841117118,-5.055613683044468,-11.952819206936732,14.753453774915652,-4.330098296090236,-26.71476190354922,27.826065826806293,-19.695960029923533,-4.098326125966898,-3.5178815254053526
257,3.7174084087170742,-5.055736160397107,-11.952692135067856,14.751938210772254,-4.328763769157537,-26.741992422657503,27.847141621442898,-19.85907222602943,-3.8509327643450932,-3.5833093093227353
258,3.7174084087170742,-5.055736160397107,-11.952692135067856,14.751938210772254,-4.328763769157537,-26.741992422657503,27.847141621442898,-19.85907222602943,-3.8509327643450932,-3.5833093093227353
259,3.7174084087170742,-5.055736160397107,-11.952692135067856,14.751938210772254,-4.328763769157537,-26.741992422657503,27.847141621442898,-19.85907222602943,-3.8509327643450932,-3.5833093093227353
260,3.7174084087170742,-5.055736160397107,-11.952692135067856,14.751938210772254,-4.328763769157537,-26.741992422657503,27.847141621442898,-19.85907222602943,-3.8509327643450932,-3.5833093093227353
261,3.7174084087170742,-5.055736160397107,-11.952692135067856,14.751938210772254,-4.328763769157537,-26.741992422657503,27.847141621442898,-19.85907222602943,-3.8509327643450932,-3.5833093093227353
262,3.7174084087170742,-5.055736160397107,-11.952692135067856,14.751938210772254,-4.328763769157537,-26.741992422657503,27.847141621442898,-19.85907222602943,-3.8509327643450932,-3.5833093093227353
263,3.7174084087170742,-5.055736160397107,-11.952692135067856,14.751938210772254,-4.328763769157537,-26.741992422657503,27.847141621442898,-19.85907222602943,-3.8509327643450932,-3.5833093093227353
264,3.4077115662765385,-5.598729822776501,-10.402224744082462,14.305732991822284,-8.432118723070984,-27.545399971262214,27.848694842006513,-20.015861031995417,-4.403181932844698,-3.395838316763654
265,2.1687880727400826,-8.08858486887816,-10.240887071271583,16.237258144767694,-8.048071552436832,-28.17114162703028,30.171552058203893,-20.332370055194545,-3.769736722285324,-4.613542919968507
266,6.1956973825245845,-5.4824948210063384,-11.920902881038323,15.554785149421123,-7.189187506428554,-26.529378749333976,28.74475943401037,-20.758972869647124,-5.03725977417855,-3.701622970364292
267,2.1687880727400826,-8.08858486887816,-10.240887071271583,16.237258144767694,-8.048071552436832,-28.17114162703028,30.171552058203893,-20.332370055194545,-3.769736722285324,-4.613542919968507
268,6.1956974497078825,-5.505474181313535,-11.977409142273427,15.454557475139756,-7.32836503457968,-26.5227122150428,28.765939493528208,-21.20673471100958,-4.260347508664977,-3.7483770660483127
269,6.195697454616093,-5.505229226608257,-11.977663286011174,15.457588603426554,-7.331034088445079,-26.468251176826232,28.72378790425501,-20.880510318797793,-4.755134231908588,-3.6175214982135477
270,6.195697452161987,-5.505351703960896,-11.977536214142301,15.456073039283156,-7.3296995615123794,-26.495481695934515,28.7448636988916,-21.043622514903685,-4.507740870286782,-3.68294928213093
271,6.195697452161987,-5.505351703960896,-11.977536214142301,15.456073039283156,-7.3296995615123794,-26.495481695934515,28.7448636988916,-21.043622514903685,-4.507740870286782,-3.68294928213093
272,6.195697452161987,-5.505351703960896,-11.977536214142301,15.456073039283156,-7.3296995615123794,-26.495481695934515,28.7448636988916,-21.043622514903685,-4.507740870286782,-3.68294928213093
273,6.195697452161987,-5.505351703960896,-11.977536214142301,15.456073039283156,-7.3296995615123794,-26.495481695934515,28.7448636988916,-21.043622514903685,-4.507740870286782,-3.68294928213093
274,6.1956974497078825,-5.505474181313535,-11.977409142273427,15.454557475139756,-7.32836503457968,-26.5227122150428,28.765939493528208,-21.20673471100958,-4.260347508664977,-3.7483770660483127
275,6.1956974497078825,-5.505474181313535,-11.977409142273427,15.454557475139756,-7.32836503457968,-26.5227122150428,28.765939493528208,-21.20673471100958,-4.260347508664977,-3.7483770660483127
276,6.1956974497078825,-5.505474181313535,-11.977409142273427,15.454557475139756,-7.32836503457968,-26.5227122150428,28.765939493528208,-21.20673471100958,-4.260347508664977,-3.7483770660483127
277,2.292810845324545,-9.065031674413863,-9.147704835930748,15.724556870409321,-8.972144530276543,-30.46771739287217,30.005415175133756,-20.68282707255773,-6.529270105701608,-5.510943214898395
278,2.292810845324545,-9.065031674413863,-9.147704835930748,15.724556870409321,-8.972144530276543,-30.46771739287217,30.005415175133756,-20.68282707255773,-6.529270105701608,-5.510943214898395
279,6.195697526707603,-5.527963632210176,-12.034423690984026,15.360392057431989,-7.4728806704616035,-26.40712360431849,28.702816374499644,-21.002047767948465,-4.473008689638625,-3.533420026062803
280,3.0978035371554813,-4.514242721086853,-11.753464993498314,13.089156895496622,-6.606151836778844,-27.390947891205997,29.976862004348796,-21.872734457629164,-3.9504565744226054,-3.8579497766647104
281,6.195697529161709,-5.527841154857538,-12.0345507628529,15.361907621575389,-7.474215197394307,-26.379893085210206,28.68174057986304,-20.838935571842576,-4.7204020512604306,-3.4679922421454203
282,6.195697526707603,-5.527963632210176,-12.034423690984026,15.360392057431989,-7.4728806704616035,-26.40712360431849,28.702816374499644,-21.002047767948465,-4.473008689638625,-3.533420026062803
283,6.195697529161709,-5.527841154857538,-12.0345507628529,15.361907621575389,-7.474215197394307,-26.379893085210206,28.68174057986304,-20.838935571842576,-4.7204020512604306,-3.4679922421454203
284,6.195697529161709,-5.527841154857538,-12.0345507628529,15.361907621575389,-7.474215197394307,-26.379893085210206,28.68174057986304,-20.838935571842576,-4.7204020512604306,-3.4679922421454203
285,6.195697529161709,-5.527841154857538,-12.0345507628529,15.361907621575389,-7.474215197394307,-26.379893085210206,28.68174057986304,-20.838935571842576,-4.7204020512604306,-3.4679922421454203
286,6.195697529161709,-5.527841154857538,-12.0345507628529,15.361907621575389,-7.474215197394307,-26.379893085210206,28.68174057986304,-20.838935571842576,-4.7204020512604306,-3.4679922421454203
287,6.195697529161709,-5.527841154857538,-12.0345507628529,15.361907621575389,-7.474215197394307,-26.379893085210206,28.68174057986304,-20.838935571842576,-4.7204020512604306,-3.4679922421454203
288,6.195697529161709,-5.527841154857538,-12.0345507628529,15.361907621575389,-7.474215197394307,-26.379893085210206,28.68174057986304,-20.838935571842576,-4.7204020512604306,-3.4679922421454203
289,6.195697529161709,-5.527841154857538,-12.0345507628529,15.361907621575389,-7.474215197394307,-26.379893085210206,28.68174057986304,-20.838935571842576,-4.7204020512604306,-3.4679922421454203
290,6.195697526707603,-5.527963632210176,-12.034423690984026,15.360392057431989,-7.4728806704616035,-26.40712360431849,28.702816374499644,-21.002047767948465,-4.473008689638625,-3.533420026062803
291,6.195697529161709,-5.527841154857538,-12.0345507628529,15.361907621575389,-7.474215197394307,-26.379893085210206,28.68174057986304,-20.838935571842576,-4.7204020512604306,-3.4679922421454203
292,6.195697526707603,-5.527963632210176,-12.034423690984026,15.360392057431989,-7.4728806704616035,-26.40712360431849,28.702816374499644,-21.002047767948465,-4.473008689638625,-3.533420026062803
293,6.195697526707603,-5.527963632210176,-12.034423690984026,15.360392057431989,-7.4728806704616035,-26.40712360431849,28.702816374499644,-21.002047767948465,-4.473008689638625,-3.533420026062803
294,6.195697529161709,-5.527841154857538,-12.0345507628529,15.361907621575389,-7.474215197394307,-26.379893085210206,28.68174057986304,-20.838935571842576,-4.7204020512604306,-3.4679922421454203
295,6.195697526707603,-5.527963632210176,-12.034423690984026,15.360392057431989,-7.4728806704616035,-26.40712360431849,28.702816374499644,-21.002047767948465,-4.473008689638625,-3.533420026062803
296,6.195697529161709,-5.527841154857538,-12.0345507628529,15.361907621575389,-7.474215197394307,-26.379893085210206,28.68174057986304,-20.838935571842576,-4.7204020512604306,-3.4679922421454203
297,6.195697526707603,-5.527963632210176,-12.034423690984026,15.360392057431989,-7.4728806704616035,-26.40712360431849,28.702816374499644,-21.002047767948465,-4.473008689638625,-3.533420026062803
298,6.195697526707603,-5.527963632210176,-12.034423690984026,15.360392057431989,-7.4728806704616035,-26.40712360431849,28.702816374499644,-21.002047767948465,-4.473008689638625,-3.533420026062803
299,3.0978036067928847,-4.53709960404141,-11.81009832660229,12.990444785358655,-6.74666389186267,-27.357050837806536,29.976966269230026,-22.157384102885725,-3.4209376705308445,-3.8392760884313484
300,3.0978036067928847,-4.53709960404141,-11.81009832660229,12.990444785358655,-6.74666389186267,-27.357050837806536,29.976966269230026,-22.157384102885725,-3.4209376705308445,-3.8392760884313484
301,3.0978036067928847,-4.53709960404141,-11.81009832660229,12.990444785358655,-6.74666389186267,-27.357050837806536,29.976966269230026,-22.157384102885725,-3.4209376705308445,-3.8392760884313484
302,3.0978036067928847,-4.53709960404141,-11.81009832660229,12.990444785358655,-6.74666389186267,-27.357050837806536,29.976966269230026,-22.157384102885725,-3.4209376705308445,-3.8392760884313484
304,6.195697603707325,-5.550453083106818,-12.091438239694625,15.266226639724222,-7.617396306343531,-26.29153499359418,28.639693255471084,-20.797360824887356,-4.685669870612267,-3.3184629860772934
305,6.195697601253219,-5.550575560459457,-12.09131116782575,15.264711075580824,-7.616061779410832,-26.318765512702463,28.660769050107692,-20.96047302099325,-4.4382765089904685,-3.383890769994676
306,6.195697601253219,-5.550575560459457,-12.09131116782575,15.264711075580824,-7.616061779410832,-26.318765512702463,28.660769050107692,-20.96047302099325,-4.4382765089904685,-3.383890769994676
307,3.7174041859105187,-5.031669569284133,-11.904351857424107,14.12819186818247,-8.27638312461,-25.495308716569383,28.47597938558887,-21.530552511054154,-5.692419428699958,-6.386875154242294
308,3.7174041859105187,-5.031669569284133,-11.904351857424107,14.12819186818247,-8.27638312461,-25.495308716569383,28.47597938558887,-21.530552511054154,-5.692419428699958,-6.386875154242294
309,3.717404183456413,-5.031792046636771,-11.904224785555233,14.126676304039067,-8.2750485976773,-25.522539235677666,28.497055180225466,-21.693664707160046,-5.445026067078153,-6.4523029381596775
310,3.717404183456413,-5.031792046636771,-11.904224785555233,14.126676304039067,-8.2750485976773,-25.522539235677666,28.497055180225466,-21.693664707160046,-5.445026067078153,-6.4523029381596775
311,3.717404183456413,-5.031792046636771,-11.904224785555233,14.126676304039067,-8.2750485976773,-25.522539235677666,28.497055180225466,-21.693664707160046,-5.445026067078153,-6.4523029381596775
312,3.717404183456413,-5.031792046636771,-11.904224785555233,14.126676304039067,-8.2750485976773,-25.522539235677666,28.497055180225466,-21.693664707160046,-5.445026067078153,-6.4523029381596775
313,3.0978036837926064,-4.559589054938052,-11.867112875312891,12.896279367650886,-6.891179527744593,-27.241462227082227,29.913843150201465,-21.95269715982462,-3.633598851504486,-3.6243190484458387
314,3.0978036837926064,-4.559589054938052,-11.867112875312891,12.896279367650886,-6.891179527744593,-27.241462227082227,29.913843150201465,-21.95269715982462,-3.633598851504486,-3.6243190484458387
315,3.0978036837926064,-4.559589054938052,-11.867112875312891,12.896279367650886,-6.891179527744593,-27.241462227082227,29.913843150201465,-21.95269715982462,-3.633598851504486,-3.6243190484458387
316,3.0978037607923277,-4.5820785058346925,-11.92412742402349,12.80211394994312,-7.035695163626521,-27.125873616357914,29.8507200311729,-21.748010216763507,-3.846260032478134,-3.4093620084603353
317,3.0978037558841156,-4.582323460539971,-11.923873280285742,12.79908282165632,-7.033026109761122,-27.18033465457448,29.8928716204461,-22.07423460897529,-3.3514733092345232,-3.5402175762951003
318,3.0978037558841156,-4.582323460539971,-11.923873280285742,12.79908282165632,-7.033026109761122,-27.18033465457448,29.8928716204461,-22.07423460897529,-3.3514733092345232,-3.5402175762951003
319,3.097803758338222,-4.582200983187332,-11.924000352154616,12.800598385799718,-7.034360636693822,-27.153104135466197,29.87179582580951,-21.9111224128694,-3.598866670856329,-3.4747897923777176
320,3.097803758338222,-4.582200983187332,-11.924000352154616,12.800598385799718,-7.034360636693822,-27.153104135466197,29.87179582580951,-21.9111224128694,-3.598866670856329,-3.4747897923777176
321,3.0978037558841156,-4.582323460539971,-11.923873280285742,12.79908282165632,-7.033026109761122,-27.18033465457448,29.8928716204461,-22.07423460897529,-3.3514733092345232,-3.5402175762951003
322,3.097803758338222,-4.582200983187332,-11.924000352154616,12.800598385799718,-7.034360636693822,-27.153104135466197,29.87179582580951,-21.9111224128694,-3.598866670856329,-3.4747897923777176
323,3.097803758338222,-4.582200983187332,-11.924000352154616,12.800598385799718,-7.034360636693822,-27.153104135466197,29.87179582580951,-21.9111224128694,-3.598866670856329,-3.4747897923777176
324,3.0978037558841156,-4.582323460539971,-11.923873280285742,12.79908282165632,-7.033026109761122,-27.18033465457448,29.8928716204461,-22.07423460897529,-3.3514733092345232,-3.5402175762951003
325,3.0978037607923277,-4.5820785058346925,-11.92412742402349,12.80211394994312,-7.035695163626521,-27.125873616357914,29.8507200311729,-21.748010216763507,-3.846260032478134,-3.4093620084603353
326,3.0978037558841156,-4.582323460539971,-11.923873280285742,12.79908282165632,-7.033026109761122,-27.18033465457448,29.8928716204461,-22.07423460897529,-3.3514733092345232,-3.5402175762951003
327,3.0978037607923277,-4.5820785058346925,-11.92412742402349,12.80211394994312,-7.035695163626521,-27.125873616357914,29.8507200311729,-21.748010216763507,-3.846260032478134,-3.4093620084603353
328,3.0978037558841156,-4.582323460539971,-11.923873280285742,12.79908282165632,-7.033026109761122,-27.18033465457448,29.8928716204461,-22.07423460897529,-3.3514733092345232,-3.5402175762951003
329,3.0978037607923277,-4.5820785058346925,-11.92412742402349,12.80211394994312,-7.035695163626521,-27.125873616357914,29.8507200311729,-21.748010216763507,-3.846260032478134,-3.4093620084603353
330,3.0978037558841156,-4.582323460539971,-11.923873280285742,12.79908282165632,-7.033026109761122,-27.18033465457448,29.8928716204461,-22.07423460897529,-3.3514733092345232,-3.5402175762951003
331,3.0978037558841156,-4.582323460539971,-11.923873280285742,12.79908282165632,-7.033026109761122,-27.18033465457448,29.8928716204461,-22.07423460897529,-3.3514733092345232,-3.5402175762951003
332,3.097803758338222,-4.582200983187332,-11.924000352154616,12.800598385799718,-7.034360636693822,-27.153104135466197,29.87179582580951,-21.9111224128694,-3.598866670856329,-3.4747897923777176
333,3.097803832883837,-4.604812911436611,-11.980887828996341,12.704917403948553,-7.177541745643046,-27.064746043850175,29.82974850141756,-21.869547665914183,-3.564134490208165,-3.3252605363095906
334,3.097803832883837,-4.604812911436611,-11.980887828996341,12.704917403948553,-7.177541745643046,-27.064746043850175,29.82974850141756,-21.869547665914183,-3.564134490208165,-3.3252605363095906
335,3.097803832883837,-4.604812911436611,-11.980887828996341,12.704917403948553,-7.177541745643046,-27.064746043850175,29.82974850141756,-21.869547665914183,-3.564134490208165,-3.3252605363095906
336,3.097803832883837,-4.604812911436611,-11.980887828996341,12.704917403948553,-7.177541745643046,-27.064746043850175,29.82974850141756,-21.869547665914183,-3.564134490208165,-3.3252605363095906
337,3.097803832883837,-4.604812911436611,-11.980887828996341,12.704917403948553,-7.177541745643046,-27.064746043850175,29.82974850141756,-21.869547665914183,-3.564134490208165,-3.3252605363095906
338,3.097803832883837,-4.604812911436611,-11.980887828996341,12.704917403948553,-7.177541745643046,-27.064746043850175,29.82974850141756,-21.869547665914183,-3.564134490208165,-3.3252605363095906
339,3.0978038304297315,-4.604935388789251,-11.980760757127467,12.703401839805153,-7.1762072187103465,-27.091976562958457,29.85082429605415,-22.03265986202007,-3.3167411285863664,-3.3906883202269733
340,3.098101949977683,-7.856737660729406,-10.862971350044102,14.492489633475365,-6.1287412769951946,-26.987743180974856,27.23767884158711,-24.285275998955903,-7.490748825021426,-3.466820899183753
341,3.098101949977683,-7.856737660729406,-10.862971350044102,14.492489633475365,-6.1287412769951946,-26.987743180974856,27.23767884158711,-24.285275998955903,-7.490748825021426,-3.466820899183753
344,4.337102318457842,-6.656925063800796,-11.902067944339631,13.985515973557597,-5.7015251660995805,-27.83489747727796,28.163358404945914,-22.27445231904958,-5.0861644852458285,-4.129478312913313
345,4.337102316003736,-6.657047541153435,-11.901940872470757,13.984000409414197,-5.700190639166877,-27.862127996386242,28.184434199582522,-22.43756451515547,-4.838771123624023,-4.194906096830696
346,4.337102316003736,-6.657047541153435,-11.901940872470757,13.984000409414197,-5.700190639166877,-27.862127996386242,28.184434199582522,-22.43756451515547,-4.838771123624023,-4.194906096830696
347,4.337102316003736,-6.657047541153435,-11.901940872470757,13.984000409414197,-5.700190639166877,-27.862127996386242,28.184434199582522,-22.43756451515547,-4.838771123624023,-4.194906096830696
348,4.337102316003736,-6.657047541153435,-11.901940872470757,13.984000409414197,-5.700190639166877,-27.862127996386242,28.184434199582522,-22.43756451515547,-4.838771123624023,-4.194906096830696
349,4.337102316003736,-6.657047541153435,-11.901940872470757,13.984000409414197,-5.700190639166877,-27.862127996386242,28.184434199582522,-22.43756451515547,-4.838771123624023,-4.194906096830696
350,4.337102318457842,-6.656925063800796,-11.902067944339631,13.985515973557597,-5.7015251660995805,-27.83489747727796,28.163358404945914,-22.27445231904958,-5.0861644852458285,-4.129478312913313
351,4.337102318457842,-6.656925063800796,-11.902067944339631,13.985515973557597,-5.7015251660995805,-27.83489747727796,28.163358404945914,-22.27445231904958,-5.0861644852458285,-4.129478312913313
352,4.337102318457842,-6.656925063800796,-11.902067944339631,13.985515973557597,-5.7015251660995805,-27.83489747727796,28.163358404945914,-22.27445231904958,-5.0861644852458285,-4.129478312913313
353,4.337102395457563,-6.679414514697438,-11.95908249305023,13.891350555849831,-5.846040801981504,-27.719308866553646,28.100235285917353,-22.06976537598847,-5.298825666219471,-3.9145212729278094
354,4.337102395457563,-6.679414514697438,-11.95908249305023,13.891350555849831,-5.846040801981504,-27.719308866553646,28.100235285917353,-22.06976537598847,-5.298825666219471,-3.9145212729278094
355,4.337102395457563,-6.679414514697438,-11.95908249305023,13.891350555849831,-5.846040801981504,-27.719308866553646,28.100235285917353,-22.06976537598847,-5.298825666219471,-3.9145212729278094
356,4.337102395457563,-6.679414514697438,-11.95908249305023,13.891350555849831,-5.846040801981504,-27.719308866553646,28.100235285917353,-22.06976537598847,-5.298825666219471,-3.9145212729278094
357,4.337102395457563,-6.679414514697438,-11.95908249305023,13.891350555849831,-5.846040801981504,-27.719308866553646,28.100235285917353,-22.06976537598847,-5.298825666219471,-3.9145212729278094
358,4.337102395457563,-6.679414514697438,-11.95908249305023,13.891350555849831,-5.846040801981504,-27.719308866553646,28.100235285917353,-22.06976537598847,-5.298825666219471,-3.9145212729278094
359,4.337102470003178,-6.702026442946717,-12.015969969891955,13.795669573998664,-5.989221910930727,-27.630950774937617,28.0581879615254,-22.02819062903325,-5.264093485571313,-3.7649920168596824
360,4.337102467549073,-6.702148920299357,-12.015842898023081,13.794154009855264,-5.987887383998028,-27.658181294045903,28.07926375616201,-22.191302825139143,-5.016700123949508,-3.830419800777065
361,4.337102465094968,-6.702271397651995,-12.015715826154207,13.792638445711862,-5.986552857065329,-27.685411813154186,28.1003395507986,-22.354415021245032,-4.769306762327703,-3.8958475846944474
362,4.337102465094968,-6.702271397651995,-12.015715826154207,13.792638445711862,-5.986552857065329,-27.685411813154186,28.1003395507986,-22.354415021245032,-4.769306762327703,-3.8958475846944474
363,4.337102465094968,-6.702271397651995,-12.015715826154207,13.792638445711862,-5.986552857065329,-27.685411813154186,28.1003395507986,-22.354415021245032,-4.769306762327703,-3.8958475846944474
364,4.337102465094968,-6.702271397651995,-12.015715826154207,13.792638445711862,-5.986552857065329,-27.685411813154186,28.1003395507986,-22.354415021245032,-4.769306762327703,-3.8958475846944474
365,4.337102470003178,-6.702026442946717,-12.015969969891955,13.795669573998664,-5.989221910930727,-27.630950774937617,28.0581879615254,-22.02819062903325,-5.264093485571313,-3.7649920168596824
366,4.337102470003178,-6.702026442946717,-12.015969969891955,13.795669573998664,-5.989221910930727,-27.630950774937617,28.0581879615254,-22.02819062903325,-5.264093485571313,-3.7649920168596824
367,4.337102467549073,-6.702148920299357,-12.015842898023081,13.794154009855264,-5.987887383998028,-27.658181294045903,28.07926375616201,-22.191302825139143,-5.016700123949508,-3.830419800777065
368,4.337102470003178,-6.702026442946717,-12.015969969891955,13.795669573998664,-5.989221910930727,-27.630950774937617,28.0581879615254,-22.02819062903325,-5.264093485571313,-3.7649920168596824
369,4.337102467549073,-6.702148920299357,-12.015842898023081,13.794154009855264,-5.987887383998028,-27.658181294045903,28.07926375616201,-22.191302825139143,-5.016700123949508,-3.830419800777065
370,4.337102467549073,-6.702148920299357,-12.015842898023081,13.794154009855264,-5.987887383998028,-27.658181294045903,28.07926375616201,-22.191302825139143,-5.016700123949508,-3.830419800777065
371,4.337102470003178,-6.702026442946717,-12.015969969891955,13.795669573998664,-5.989221910930727,-27.630950774937617,28.0581879615254,-22.02819062903325,-5.264093485571313,-3.7649920168596824
372,4.337102467549073,-6.702148920299357,-12.015842898023081,13.794154009855264,-5.987887383998028,-27.658181294045903,28.07926375616201,-22.191302825139143,-5.016700123949508,-3.830419800777065
373,4.337102467549073,-6.702148920299357,-12.015842898023081,13.794154009855264,-5.987887383998028,-27.658181294045903,28.07926375616201,-22.191302825139143,-5.016700123949508,-3.830419800777065
374,4.337102467549072,-6.702148920299357,-12.015842898023081,13.794154009855264,-5.98788738399803,-27.658181294045907,28.07926375616199,-22.191302825139147,-5.016700123949508,-3.830419800777065
